{"x":-1997847,"y":-2000208,"scale":1.0,"zoom":-0.27583301067352295,"seed":5817820451664102427,"renderSteps":[{"fullDefinition":false,"physical":true,"shadow":false,"topography":false,"topologySize":1.100000023841858,"topologySteps":15,"targetScale":0.125,"oceanLevel":0.5,"oceanBlend":0.009999999776482582},{"fullDefinition":false,"physical":true,"shadow":false,"topography":false,"topologySize":1.100000023841858,"topologySteps":15,"targetScale":2.0,"oceanLevel":0.5,"oceanBlend":0.009999999776482582},{"fullDefinition":false,"physical":true,"shadow":true,"topography":false,"topologySize":1.100000023841858,"topologySteps":15,"targetScale":2.0,"oceanLevel":0.5,"oceanBlend":0.009999999776482582}]}